0,1,,,Averge,,
1,0.966666667,,,0.945333333,23.63333333,0.08326664
2,0.966666667,,,,,
3,0.933333333,,,,,
4,0.566666667,,,,,
5,0.933333333,,,,,
6,1,,,,,
7,0.966666667,,,,,
8,0.966666667,,,,,
9,0.966666667,,,,,
10,0.933333333,,,,,
11,0.933333333,,,,,
12,1,,,,,
13,0.966666667,,,,,
14,0.933333333,,,,,
15,0.933333333,,,,,
16,0.9,,,,,
17,1,,,,,
18,0.966666667,,,,,
19,0.966666667,,,,,
20,1,,,,,
21,0.966666667,,,,,
22,0.966666667,,,,,
23,0.933333333,,,,,
24,0.966666667,,,,,
